<?xml version="1.0" encoding="UTF-8" standalone="yes"?>
<assembly xmlns="urn:schemas-microsoft-com:asm.v1" manifestVersion="1.0">
<assemblyIdentity
    name="Microsoft.Windows.xTrader"
    processorArchitecture="x86"
    version="5.1.0.0"
    type="win32"/>
<description>xTrader</description>
<dependency>
    <dependentAssembly>
        <assemblyIdentity
            type="win32"
            name="Microsoft.Windows.Common-Controls"
            version="6.0.0.0"
            processorArchitecture="*"
            publicKeyToken="6595b64144ccf1df"
            language="*"
        />
    </dependentAssembly>
</dependency>
<trustInfo xmlns="urn:schemas-microsoft-com:asm.v3">
    <security>
        <requestedPrivileges>
			<requestedExecutionLevel level="requireAdministrator" uiAccess="false"/>
        </requestedPrivileges>
    </security>
</trustInfo>
</assembly>
